{
  "version": 1,
  "author": "Anonymous maker",
  "editor": "wokwi",
  "parts": [
    { "type": "wokwi-breadboard", "id": "bb1", "top": -262.2, "left": -285.2, "attrs": {} },
    {
      "type": "wokwi-pi-pico",
      "id": "pico",
      "top": -252.75,
      "left": -409.2,
      "attrs": { "env": "micropython-20241129-v1.24.1" }
    },
    {
      "type": "wokwi-led",
      "id": "led1",
      "top": -224.4,
      "left": -245.8,
      "attrs": { "color": "red" }
    },
    {
      "type": "wokwi-pushbutton-6mm",
      "id": "btn8",
      "top": -143,
      "left": 23.2,
      "rotate": 90,
      "attrs": { "color": "green", "xray": "1" }
    },
    {
      "type": "wokwi-pushbutton-6mm",
      "id": "btn9",
      "top": -210.2,
      "left": -130.4,
      "rotate": 90,
      "attrs": { "color": "green", "xray": "1" }
    },
    {
      "type": "wokwi-pushbutton-6mm",
      "id": "btn10",
      "top": -210.2,
      "left": -92,
      "rotate": 90,
      "attrs": { "color": "green", "xray": "1" }
    },
    {
      "type": "wokwi-pushbutton-6mm",
      "id": "btn11",
      "top": -210.2,
      "left": -53.6,
      "rotate": 90,
      "attrs": { "color": "green", "xray": "1" }
    },
    {
      "type": "wokwi-pushbutton-6mm",
      "id": "btn12",
      "top": -133.4,
      "left": -130.4,
      "rotate": 90,
      "attrs": { "color": "green", "xray": "1" }
    },
    {
      "type": "wokwi-pushbutton-6mm",
      "id": "btn13",
      "top": -133.4,
      "left": -92,
      "rotate": 90,
      "attrs": { "color": "green", "xray": "1" }
    },
    {
      "type": "wokwi-pushbutton-6mm",
      "id": "btn14",
      "top": -133.4,
      "left": -53.6,
      "rotate": 90,
      "attrs": { "color": "green", "xray": "1" }
    },
    {
      "type": "wokwi-pushbutton-6mm",
      "id": "btn1",
      "top": -200.6,
      "left": 23.2,
      "rotate": 90,
      "attrs": { "color": "green", "xray": "1" }
    }
  ],
  "connections": [
    [ "pico:3V3", "bb1:tp.1", "red", [ "h58.8", "v-48" ] ],
    [ "bb1:tn.1", "pico:GND.8", "black", [ "v-0.1", "h-58.4", "v19.2" ] ],
    [ "led1:A", "pico:GP20", "gray", [ "h19.2", "v9.6", "h-115.2", "v67.2" ] ],
    [ "bb1:17b.f", "bb1:17t.e", "magenta", [ "v0" ] ],
    [ "pico:GP26", "bb1:17b.f", "magenta", [ "h231.6" ] ],
    [ "pico:GP22", "bb1:21b.f", "yellow", [ "h202.8", "v38.4", "h38.4", "v-57.6", "h28.8" ] ],
    [ "bb1:21t.e", "bb1:21b.f", "yellow", [ "v0" ] ],
    [ "btn9:2.l", "btn10:2.l", "green", [ "v-19.2", "h38" ] ],
    [ "btn10:2.l", "btn11:2.l", "green", [ "v-19.2", "h38" ] ],
    [ "pico:GP21", "btn14:1.l", "cyan", [ "h193.2", "v-38.4", "h115.2" ] ],
    [ "bb1:25t.e", "bb1:25b.f", "cyan", [ "v0" ] ],
    [ "bb1:31t.a", "btn11:2.l", "green", [ "v-19.2", "h-76.8" ] ],
    [ "pico:GP28", "btn9:2.l", "green", [ "h68.4", "v-48", "h144" ] ],
    [ "bb1:15b.f", "pico:GP27", "blue", [ "v0" ] ],
    [ "bb1:19b.f", "btn12:2.l", "blue", [ "v-19.2", "h-38.4" ] ],
    [ "btn14:2.l", "btn13:2.l", "blue", [ "v-28.8", "h-38.8" ] ],
    [ "bb1:31b.f", "btn14:2.l", "blue", [ "v-19.2", "h-76.8" ] ],
    [ "bb1:tn.2", "bb1:4t.a", "black", [ "v0" ] ],
    [ "btn9:1.l", "bb1:17t.a", "", [ "$bb" ] ],
    [ "btn9:2.l", "bb1:15t.a", "", [ "$bb" ] ],
    [ "btn9:1.r", "bb1:17t.d", "", [ "$bb" ] ],
    [ "btn9:2.r", "bb1:15t.d", "", [ "$bb" ] ],
    [ "btn10:1.l", "bb1:21t.a", "", [ "$bb" ] ],
    [ "btn10:2.l", "bb1:19t.a", "", [ "$bb" ] ],
    [ "btn10:1.r", "bb1:21t.d", "", [ "$bb" ] ],
    [ "btn10:2.r", "bb1:19t.d", "", [ "$bb" ] ],
    [ "btn11:1.l", "bb1:25t.a", "", [ "$bb" ] ],
    [ "btn11:2.l", "bb1:23t.a", "", [ "$bb" ] ],
    [ "btn11:1.r", "bb1:25t.d", "", [ "$bb" ] ],
    [ "btn11:2.r", "bb1:23t.d", "", [ "$bb" ] ],
    [ "btn12:1.l", "bb1:17b.g", "", [ "$bb" ] ],
    [ "btn12:2.l", "bb1:15b.g", "", [ "$bb" ] ],
    [ "btn12:1.r", "bb1:17b.j", "", [ "$bb" ] ],
    [ "btn12:2.r", "bb1:15b.j", "", [ "$bb" ] ],
    [ "btn13:1.l", "bb1:21b.g", "", [ "$bb" ] ],
    [ "btn13:2.l", "bb1:19b.g", "", [ "$bb" ] ],
    [ "btn13:1.r", "bb1:21b.j", "", [ "$bb" ] ],
    [ "btn13:2.r", "bb1:19b.j", "", [ "$bb" ] ],
    [ "btn14:1.l", "bb1:25b.g", "", [ "$bb" ] ],
    [ "btn14:2.l", "bb1:23b.g", "", [ "$bb" ] ],
    [ "btn14:1.r", "bb1:25b.j", "", [ "$bb" ] ],
    [ "btn14:2.r", "bb1:23b.j", "", [ "$bb" ] ],
    [ "btn1:1.l", "bb1:33t.b", "", [ "$bb" ] ],
    [ "btn1:2.l", "bb1:31t.b", "", [ "$bb" ] ],
    [ "btn1:1.r", "bb1:33t.e", "", [ "$bb" ] ],
    [ "btn1:2.r", "bb1:31t.e", "", [ "$bb" ] ],
    [ "led1:A", "bb1:5t.d", "", [ "$bb" ] ],
    [ "led1:C", "bb1:4t.d", "", [ "$bb" ] ],
    [ "btn8:1.l", "bb1:33b.f", "", [ "$bb" ] ],
    [ "btn8:2.l", "bb1:31b.f", "", [ "$bb" ] ],
    [ "btn8:1.r", "bb1:33b.i", "", [ "$bb" ] ],
    [ "btn8:2.r", "bb1:31b.i", "", [ "$bb" ] ],
    [ "btn8:1.l", "btn1:1.r", "white", [ "v0" ] ],
    [ "pico:GP19", "bb1:33b.j", "white", [ "v9.6", "h385.2" ] ]
  ],
  "dependencies": {}
}